,max_depth,minInstancesPerNode,training f1,testing f1,Best Model
0,2.0,2.0,0.9536851539592133,0.9523551388176691,0.0
1,2.0,3.0,0.9536851539592133,0.9523551388176691,0.0
2,3.0,2.0,0.9611365499844706,0.9525271014196888,1000.0
3,3.0,3.0,0.9611365499844706,0.9525271014196888,0.0
